FrequencyHz,SV1
0,8.79343e-39
0.0976562,1.73092e-12
0.195312,3.97449e-11
0.292969,5.43668e-10
0.390625,3.32094e-09
0.488281,1.19658e-08
0.585938,2.80267e-08
0.683594,5.11156e-08
0.78125,7.46089e-08
0.878906,9.73504e-08
0.976562,1.29238e-07
1.07422,1.75626e-07
1.17188,2.01045e-07
1.26953,2.24702e-07
1.36719,2.10565e-07
1.46484,2.09497e-07
1.5625,2.42243e-07
1.66016,2.64198e-07
1.75781,2.93844e-07
1.85547,3.29893e-07
1.95312,3.90013e-07
2.05078,4.40343e-07
2.14844,4.36338e-07
2.24609,3.5465e-07
2.34375,4.21273e-07
2.44141,4.39591e-07
2.53906,3.85985e-07
2.63672,4.11071e-07
2.73438,4.16301e-07
2.83203,3.99984e-07
2.92969,4.23483e-07
3.02734,5.02979e-07
3.125,5.35627e-07
3.22266,5.24979e-07
3.32031,5.4469e-07
3.41797,5.23328e-07
3.51562,5.15433e-07
3.61328,5.59637e-07
3.71094,4.47199e-07
3.80859,4.72769e-07
3.90625,5.30765e-07
4.00391,5.68667e-07
4.10156,5.83736e-07
4.19922,5.1876e-07
4.29688,4.87468e-07
4.39453,5.36429e-07
4.49219,5.00387e-07
4.58984,5.33171e-07
4.6875,5.28224e-07
4.78516,5.55606e-07
4.88281,5.17078e-07
4.98047,5.51781e-07
5.07812,6.09872e-07
5.17578,5.67298e-07
5.27344,5.78406e-07
5.37109,6.47189e-07
5.46875,6.38474e-07
5.56641,5.66165e-07
5.66406,5.29428e-07
5.76172,5.13419e-07
5.85938,5.19792e-07
5.95703,5.08216e-07
6.05469,5.60254e-07
6.15234,5.99962e-07
6.25,6.74355e-07
6.34766,6.22983e-07
6.44531,5.83789e-07
6.54297,5.29085e-07
6.64062,5.23242e-07
6.73828,5.43013e-07
6.83594,5.64198e-07
6.93359,6.34569e-07
7.03125,5.42815e-07
7.12891,5.03729e-07
7.22656,5.17863e-07
7.32422,5.09918e-07
7.42188,6.18078e-07
7.51953,6.01986e-07
7.61719,5.72819e-07
7.71484,5.63323e-07
7.8125,5.81767e-07
7.91016,6.7703e-07
8.00781,5.86669e-07
8.10547,4.86023e-07
8.20312,5.12887e-07
8.30078,5.15706e-07
8.39844,4.90038e-07
8.49609,5.84561e-07
8.59375,6.34888e-07
8.69141,5.70816e-07
8.78906,5.01916e-07
8.88672,5.41444e-07
8.98438,5.45725e-07
9.08203,5.74861e-07
9.17969,6.86934e-07
9.27734,6.56833e-07
9.375,5.7609e-07
9.47266,6.05557e-07
9.57031,5.8148e-07
9.66797,5.78701e-07
9.76562,6.7965e-07
9.86328,6.84024e-07
9.96094,5.97468e-07
10.0586,5.6219e-07
10.1562,6.33111e-07
10.2539,5.79278e-07
10.3516,5.87175e-07
10.4492,6.08026e-07
10.5469,6.49506e-07
10.6445,6.22971e-07
10.7422,7.41724e-07
10.8398,6.92798e-07
10.9375,5.84625e-07
11.0352,5.90903e-07
11.1328,6.97098e-07
11.2305,6.6713e-07
11.3281,6.51157e-07
11.4258,6.43244e-07
11.5234,6.7681e-07
11.6211,8.13654e-07
11.7188,7.54846e-07
11.8164,6.68581e-07
11.9141,5.83462e-07
12.0117,5.74303e-07
12.1094,6.56528e-07
12.207,6.56632e-07
12.3047,6.46417e-07
12.4023,6.39491e-07
12.5,6.71337e-07
12.5977,5.53214e-07
12.6953,6.30982e-07
12.793,6.21091e-07
12.8906,6.87267e-07
12.9883,6.2399e-07
13.0859,5.757e-07
13.1836,7.5007e-07
13.2812,7.39735e-07
13.3789,6.48227e-07
13.4766,7.117e-07
13.5742,6.0005e-07
13.6719,6.85598e-07
13.7695,6.70899e-07
13.8672,7.80114e-07
13.9648,7.71273e-07
14.0625,8.17156e-07
14.1602,7.73899e-07
14.2578,7.05617e-07
14.3555,6.8123e-07
14.4531,7.67988e-07
14.5508,7.59333e-07
14.6484,7.63324e-07
14.7461,7.90952e-07
14.8438,6.66809e-07
14.9414,6.53542e-07
15.0391,6.1301e-07
15.1367,6.64494e-07
15.2344,6.66388e-07
15.332,5.78709e-07
15.4297,6.24226e-07
15.5273,6.5489e-07
15.625,7.87577e-07
15.7227,7.44461e-07
15.8203,7.18559e-07
15.918,6.95587e-07
16.0156,7.19683e-07
16.1133,6.75261e-07
16.2109,7.08933e-07
16.3086,6.96367e-07
16.4062,6.30897e-07
16.5039,5.67895e-07
16.6016,6.60381e-07
16.6992,7.17001e-07
16.7969,7.9666e-07
16.8945,7.1639e-07
16.9922,7.22432e-07
17.0898,7.02541e-07
17.1875,7.80656e-07
17.2852,7.00994e-07
17.3828,6.92184e-07
17.4805,7.6905e-07
17.5781,7.05354e-07
17.6758,7.28186e-07
17.7734,7.30582e-07
17.8711,7.90856e-07
17.9688,7.01291e-07
18.0664,6.10438e-07
18.1641,6.37747e-07
18.2617,6.66233e-07
18.3594,6.62394e-07
18.457,7.22043e-07
18.5547,7.11803e-07
18.6523,6.7989e-07
18.75,7.19133e-07
18.8477,7.59571e-07
18.9453,8.48266e-07
19.043,7.21186e-07
19.1406,7.52206e-07
19.2383,7.70137e-07
19.3359,6.91441e-07
19.4336,6.19447e-07
19.5312,7.2184e-07
19.6289,7.47441e-07
19.7266,7.04707e-07
19.8242,6.69696e-07
19.9219,7.1759e-07
20.0195,7.33831e-07
20.1172,6.97498e-07
20.2148,7.32054e-07
20.3125,6.7679e-07
20.4102,7.38336e-07
20.5078,7.93102e-07
20.6055,7.4609e-07
20.7031,6.96326e-07
20.8008,7.46175e-07
20.8984,7.53516e-07
20.9961,8.35154e-07
21.0938,7.33306e-07
21.1914,7.82664e-07
21.2891,7.28659e-07
21.3867,7.03816e-07
21.4844,8.07347e-07
21.582,7.48153e-07
21.6797,7.18968e-07
21.7773,8.08211e-07
21.875,6.9483e-07
21.9727,7.17432e-07
22.0703,8.92049e-07
22.168,8.17234e-07
22.2656,7.92262e-07
22.3633,7.055e-07
22.4609,7.65086e-07
22.5586,8.65159e-07
22.6562,7.97254e-07
22.7539,7.01985e-07
22.8516,7.40526e-07
22.9492,7.57177e-07
23.0469,6.67417e-07
23.1445,6.75259e-07
23.2422,7.37445e-07
23.3398,7.56805e-07
23.4375,7.56336e-07
23.5352,6.54515e-07
23.6328,7.18146e-07
23.7305,6.77507e-07
23.8281,6.80467e-07
23.9258,8.13625e-07
24.0234,7.86577e-07
24.1211,7.31015e-07
24.2188,7.01326e-07
24.3164,7.20289e-07
24.4141,6.78268e-07
24.5117,6.94743e-07
24.6094,7.28411e-07
24.707,7.33899e-07
24.8047,9.48143e-07
24.9023,9.12548e-07
25,8.55314e-07
25.0977,8.16825e-07
25.1953,7.93082e-07
25.293,7.59923e-07
25.3906,7.9342e-07
25.4883,8.37536e-07
25.5859,8.0225e-07
25.6836,7.90233e-07
25.7812,6.92974e-07
25.8789,7.08614e-07
25.9766,8.30786e-07
26.0742,8.15565e-07
26.1719,7.70884e-07
26.2695,8.47121e-07
26.3672,6.8017e-07
26.4648,7.23162e-07
26.5625,7.72899e-07
26.6602,7.1862e-07
26.7578,7.63624e-07
26.8555,7.65897e-07
26.9531,7.82e-07
27.0508,9.51429e-07
27.1484,8.48967e-07
27.2461,7.52091e-07
27.3438,7.64638e-07
27.4414,7.8989e-07
27.5391,8.06867e-07
27.6367,8.80623e-07
27.7344,8.60022e-07
27.832,7.60348e-07
27.9297,8.65647e-07
28.0273,7.76082e-07
28.125,7.89069e-07
28.2227,8.32007e-07
28.3203,7.50269e-07
28.418,6.73105e-07
28.5156,7.78923e-07
28.6133,7.51708e-07
28.7109,8.83588e-07
28.8086,7.77214e-07
28.9062,6.88487e-07
29.0039,7.45681e-07
29.1016,7.6003e-07
29.1992,7.96336e-07
29.2969,8.11697e-07
29.3945,8.33648e-07
29.4922,7.16486e-07
29.5898,6.40488e-07
29.6875,7.62223e-07
29.7852,8.13203e-07
29.8828,6.92928e-07
29.9805,7.42747e-07
30.0781,7.5083e-07
30.1758,8.1494e-07
30.2734,8.37593e-07
30.3711,9.0945e-07
30.4688,7.29771e-07
30.5664,6.2048e-07
30.6641,7.27244e-07
30.7617,6.96451e-07
30.8594,6.96622e-07
30.957,7.76521e-07
31.0547,7.29125e-07
31.1523,7.07207e-07
31.25,6.58814e-07
31.3477,7.46638e-07
31.4453,7.61004e-07
31.543,7.89637e-07
31.6406,7.15186e-07
31.7383,7.78892e-07
31.8359,8.66022e-07
31.9336,7.86254e-07
32.0312,6.66966e-07
32.1289,7.28877e-07
32.2266,7.65311e-07
32.3242,7.83663e-07
32.4219,7.20433e-07
32.5195,6.8789e-07
32.6172,6.17601e-07
32.7148,6.34243e-07
32.8125,6.43402e-07
32.9102,6.97233e-07
33.0078,7.88559e-07
33.1055,7.361e-07
33.2031,7.01929e-07
33.3008,6.91262e-07
33.3984,7.696e-07
33.4961,7.27467e-07
33.5938,6.59717e-07
33.6914,6.88949e-07
33.7891,6.89251e-07
33.8867,7.09216e-07
33.9844,6.92e-07
34.082,7.30315e-07
34.1797,6.58319e-07
34.2773,6.19563e-07
34.375,6.77381e-07
34.4727,5.95185e-07
34.5703,5.55739e-07
34.668,5.92257e-07
34.7656,6.8867e-07
34.8633,6.7744e-07
34.9609,6.26329e-07
35.0586,6.206e-07
35.1562,5.77023e-07
35.2539,5.80886e-07
35.3516,6.25666e-07
35.4492,6.02973e-07
35.5469,5.95331e-07
35.6445,5.70026e-07
35.7422,6.45452e-07
35.8398,6.87797e-07
35.9375,5.58566e-07
36.0352,5.78249e-07
36.1328,5.64761e-07
36.2305,6.83229e-07
36.3281,6.69845e-07
36.4258,5.36235e-07
36.5234,5.09683e-07
36.6211,5.57721e-07
36.7188,4.81271e-07
36.8164,4.61793e-07
36.9141,4.73708e-07
37.0117,5.00533e-07
37.1094,5.18266e-07
37.207,6.75731e-07
37.3047,6.05104e-07
37.4023,6.00807e-07
37.5,5.08212e-07
37.5977,4.88659e-07
37.6953,5.58311e-07
37.793,5.85978e-07
37.8906,5.53467e-07
37.9883,4.78868e-07
38.0859,4.71258e-07
38.1836,5.59634e-07
38.2812,5.64386e-07
38.3789,5.16655e-07
38.4766,5.50053e-07
38.5742,5.3199e-07
38.6719,4.31934e-07
38.7695,4.70306e-07
38.8672,5.27193e-07
38.9648,5.05256e-07
39.0625,4.53417e-07
39.1602,4.75786e-07
39.2578,4.855e-07
39.3555,4.72899e-07
39.4531,4.82258e-07
39.5508,4.68785e-07
39.6484,4.02864e-07
39.7461,4.45433e-07
39.8438,5.05529e-07
39.9414,5.443e-07
40.0391,4.75108e-07
40.1367,4.42604e-07
40.2344,4.5203e-07
40.332,4.30585e-07
40.4297,4.28194e-07
40.5273,4.45672e-07
40.625,4.71078e-07
40.7227,4.33004e-07
40.8203,4.30909e-07
40.918,4.6574e-07
41.0156,4.09607e-07
41.1133,4.36045e-07
41.2109,4.46387e-07
41.3086,4.44314e-07
41.4062,4.13962e-07
41.5039,4.63128e-07
41.6016,5.7127e-07
41.6992,4.58062e-07
41.7969,4.5315e-07
41.8945,5.37447e-07
41.9922,4.2443e-07
42.0898,3.85453e-07
42.1875,4.37246e-07
42.2852,4.09961e-07
42.3828,4.21659e-07
42.4805,4.19056e-07
42.5781,4.02732e-07
42.6758,3.95717e-07
42.7734,4.01679e-07
42.8711,4.03054e-07
42.9688,3.69997e-07
43.0664,4.66035e-07
43.1641,4.17439e-07
43.2617,4.05112e-07
43.3594,3.83872e-07
43.457,3.9749e-07
43.5547,4.83614e-07
43.6523,4.73722e-07
43.75,3.70845e-07
43.8477,4.33636e-07
43.9453,4.44899e-07
44.043,3.70242e-07
44.1406,3.91962e-07
44.2383,3.5669e-07
44.3359,3.99997e-07
44.4336,4.16584e-07
44.5312,4.12277e-07
44.6289,3.68103e-07
44.7266,4.5654e-07
44.8242,4.35357e-07
44.9219,4.46813e-07
45.0195,4.22104e-07
45.1172,4.51647e-07
45.2148,4.05092e-07
45.3125,3.97229e-07
45.4102,4.89891e-07
45.5078,4.66981e-07
45.6055,4.10586e-07
45.7031,4.24587e-07
45.8008,4.3084e-07
45.8984,4.65778e-07
45.9961,4.35455e-07
46.0938,4.10463e-07
46.1914,3.79877e-07
46.2891,3.68715e-07
46.3867,3.68314e-07
46.4844,4.47172e-07
46.582,3.78254e-07
46.6797,4.03953e-07
46.7773,4.06427e-07
46.875,4.17424e-07
46.9727,3.70105e-07
47.0703,3.66821e-07
47.168,3.59327e-07
47.2656,3.65122e-07
47.3633,3.73157e-07
47.4609,4.01605e-07
47.5586,4.60171e-07
47.6562,3.81434e-07
47.7539,3.56046e-07
47.8516,4.17094e-07
47.9492,4.14222e-07
48.0469,3.87277e-07
48.1445,4.38648e-07
48.2422,4.09355e-07
48.3398,4.378e-07
48.4375,4.62864e-07
48.5352,4.48057e-07
48.6328,4.39565e-07
48.7305,4.41936e-07
48.8281,4.36259e-07
48.9258,3.76187e-07
49.0234,4.13033e-07
49.1211,3.96588e-07
49.2188,4.2861e-07
49.3164,3.80101e-07
49.4141,3.89179e-07
49.5117,4.29912e-07
49.6094,4.51502e-07
49.707,4.47114e-07
49.8047,4.24009e-07
49.9023,4.51976e-07
50,2.05209e-07
